{
  "auc": 0.9127314425998263,
  "eer": 0.1651041666666667,
  "eer_threshold": -54.27607098612195
}