{
  "raw_auc": 0.31042861328125004,
  "raw_eer": 0.6476041666666666,
  "calibrated_auc": 0.6922451443142361,
  "calibrated_eer": 0.34700520833333337,
  "calibrated_thresh": 0.5246711897516402
}